PuzzleId,FEN,Moves,Rating,RatingDeviation,Popularity,NbPlays,Themes,GameUrl,OpeningTags
00008,r6k/pp2r2p/4Rp1Q/3p4/8/1N1P2R1/PqP2bPP/7K b - - 0 24,f2g3 e6e7 b2b1 b3c1 b1c1 h6c1,1848,75,95,7748,crushing hangingPiece long middlegame,https://lichess.org/787zsVup/black#48,
0000D,5rk1/1p3ppp/pq3b2/8/8/1P1Q1N2/P4PPP/3R2K1 w - - 2 27,d3d6 f8d8 d6d8 f6d8,1498,73,96,31477,advantage endgame short,https://lichess.org/F8M8OS71#53,
0008Q,8/4R3/1p2P3/p4r2/P6p/1P3Pk1/4K3/8 w - - 1 64,e7f7 f5e5 e2f1 e5e6,1339,77,91,705,advantage endgame rookEndgame short,https://lichess.org/MQSyb3KW#127,
0009B,r2qr1k1/b1p2ppp/pp4n1/P1P1p3/4P1n1/B2P2Pb/3NBP1P/RN1QR1K1 b - - 1 16,b6c5 e2g4 h3g4 d1g4,1080,74,87,589,advantage middlegame short,https://lichess.org/4MWQCxQ6/black#32,Kings_Pawn_Game Kings_Pawn_Game_Leonardis_Variation
000VW,r4r2/1p3pkp/p5p1/3R1N1Q/3P4/8/P1q2P2/3R2K1 b - - 3 25,g6f5 d5c5 c2e4 h5g5 g7h8 g5f6,2844,105,86,248,crushing endgame long,https://lichess.org/e9AY2m5j/black#50,
000Vc,8/8/4k1p1/2KpP2p/5PP1/8/8/8 w - - 0 53,g4h5 g6h5 f4f5 e6e5 f5f6 e5f6,1575,80,75,103,crushing endgame long pawnEndgame,https://lichess.org/l6AejDMO#105,
000Zo,4r3/1k6/pp3r2/1b2P2p/3R1p2/P1R2P2/1P4PP/6K1 w - - 0 35,e5f6 e8e1 g1f2 e1f1,1353,75,86,628,endgame mate mateIn2 short,https://lichess.org/n8Ff742v#69,
000aY,r4rk1/pp3ppp/2n1b3/q1pp2B1/8/P1Q2NP1/1PP1PP1P/2KR3R w - - 0 15,g5e7 a5c3 b2c3 c6e7,1440,79,74,512,advantage master middlegame short,https://lichess.org/iihZGl6t#29,Benoni_Defense Benoni_Defense_Benoni-Indian_Defense
000hf,r1bqk2r/pp1nbNp1/2p1p2p/8/2BP4/1PN3P1/P3QP1P/3R1RK1 b kq - 0 19,e8f7 e2e6 f7f8 e6f7,1450,75,91,573,mate mateIn2 middlegame short,https://lichess.org/71ygsFeE/black#38,Horwitz_Defense Horwitz_Defense_Other_variations
